"name","movie_duration","movie_year","genres","countries"
"Иезавель",104,1938,"[драма, мелодрама]","[США]"
"47 ронинов",204,1962,"[боевик, драма, история]","[Япония]"
"Живем один раз",86,1937,"[фильм-нуар, драма, криминал]","[США]"
"Колдун 2",113,2003,"[фэнтези, боевик]","[Япония]"
"Ильза, тигрица из Сибири",85,1977,"[ужасы]","[Канада]"
"Никаких проблем!",105,1975,"[комедия]","[Франция]"
"Золото Маккенны",128,1969,"[мелодрама, вестерн, приключения]","[США]"
"Блеф Кугана",93,1968,"[боевик, триллер]","[США]"
"Сова появляется днем",112,1967,"[триллер, драма, криминал, детектив]","[Италия, Франция]"
"Пиноккио 964",97,1991,"[ужасы, фантастика]","[Япония]"
"Исход",208,1960,"[боевик, драма, военный, история]","[США]"
"Братья Карамазовы",145,1958,"[драма, мелодрама]","[США]"
"Три лица Евы",91,1957,"[драма, детектив]","[США]"
"Человек в сером фланелевом костюме",153,1956,"[драма, военный]","[США]"
"Левая рука Бога",87,1955,"[драма]","[США]"
"Весь город говорит",118,1942,"[триллер, драма, мелодрама, комедия]","[США]"
"Воровское шоссе",94,1949,"[фильм-нуар, триллер, драма]","[США]"
"Бумеранг!",88,1947,"[фильм-нуар, драма, криминал]","[США]"
"Крик совы",91,2006,"[комедия, приключения, семейный]","[США]"
"Военная игра",48,1965,"[фантастика, драма, военный]","[Великобритания]"
"Гонщик",85,1928,"[боевик, комедия, семейный]","[США]"
"Анна и король Сиама",128,1946,"[драма, мелодрама, биография]","[США]"
"Подозрение",99,1941,"[триллер, детектив]","[США]"
"Четыре ночи мечтателя",87,1971,"[драма, мелодрама]","[Франция, Италия]"
"Разденься для убийцы",98,1975,"[триллер, детектив]","[Италия]"
"Грошовая серенада",119,1941,"[драма, мелодрама]","[США]"
"Рождественские каникулы",97,1989,"[комедия, семейный]","[США]"
"Тора! Тора! Тора!",144,1970,"[военный, история, боевик, драма]","[Япония, США]"
"Ремагенский мост",112,1969,"[боевик, драма, военный]","[США]"
"Шесть шведок с бензоколонки",75,1980,"[фэнтези, комедия]","[Швейцария]"
"Сломанное копье",96,1954,"[вестерн]","[США]"
"Моя любимая жена",88,1940,"[мелодрама, комедия]","[США]"
"Дни вина и роз",112,1962,"[драма]","[США]"
"Чужой среди нас",110,1992,"[драма, мелодрама, криминал]","[США]"
"На холостом ходу",116,1988,"[драма, мелодрама, криминал, музыка]","[США]"
"На следующее утро",103,1986,"[триллер, мелодрама, криминал, детектив]","[США]"
"Смертельная ловушка",116,1982,"[триллер, комедия, криминал, детектив]","[США]"
"Эквус",137,1977,"[драма, детектив]","[США, Великобритания]"
"Зорро",125,1975,"[боевик, комедия, приключения, вестерн]","[Италия, Франция]"
"Только у ангелов есть крылья",121,1939,"[драма, приключения]","[США]"
"Оскорбление",113,1973,"[драма, криминал, триллер]","[Великобритания, США]"
"Детская игра",100,1972,"[ужасы, триллер, драма, детектив]","[США]"
"Свидание",115,1969,"[драма]","[США]"
"Дело самоубийцы",107,1966,"[триллер, драма, мелодрама, криминал, детектив]","[Великобритания]"
"Холм",123,1965,"[драма, военный]","[Великобритания]"
"Ганга Дин",117,1939,"[приключения, военный]","[США]"
"Ростовщик",116,1964,"[драма]","[США]"
"Такая женщина",92,1959,"[драма, мелодрама, комедия, военный]","[США]"
"Моргиана",106,1972,"[ужасы, драма]","[Чехословакия]"
"Золотая молодежь",106,2003,"[драма, комедия, военный]","[Великобритания]"
"Последний занавес",85,2002,"[драма]","[Великобритания, США]"
"Полный беспредел",106,2002,"[драма, комедия]","[Канада, Великобритания]"
"Фантомы",96,1998,"[ужасы, фантастика, триллер]","[США, Япония]"
"Король Ральф",97,1991,"[мелодрама, комедия]","[США]"
"Молот ведьм",103,1969,"[драма, история]","[Чехословакия]"
"Крылья славы",116,1990,"[фэнтези, драма, комедия]","[Нидерланды]"
"В лунную ночь",109,1989,"[драма]","[Италия, Франция]"
"Чистыми руками",95,1972,"[боевик, триллер, криминал]","[Румыния, Германия (ФРГ)]"
"Супергёрл",120,1984,"[фантастика, фэнтези, боевик, приключения]","[Великобритания, США]"
"Праздник",95,1938,"[мелодрама, комедия]","[США]"
"Мой лучший год",92,1982,"[комедия]","[США]"
"Калигула",156,1979,"[для взрослых, драма, история]","[Италия, США]"
"Рассвет зулусов",113,1979,"[драма, приключения, военный, история]","[США, ЮАР, Нидерланды, Великобритания]"
"Комиссар полиции обвиняет",114,1973,"[боевик, триллер, драма, криминал]","[Румыния]"
"Правящий класс",154,1972,"[драма, комедия, музыка]","[Великобритания]"
"Человек из Ла Манчи",132,1972,"[мюзикл, фэнтези, драма, мелодрама]","[Италия, США]"
"Ужасная правда",91,1937,"[мелодрама, комедия]","[США]"
"Война Мерфи",107,1970,"[драма, военный]","[Великобритания]"
"Ночь генералов",148,1966,"[триллер, драма, криминал, детектив, военный]","[Великобритания, Франция]"
"Как украсть миллион",123,1966,"[мелодрама, комедия, криминал]","[США]"
"Кулик",117,1965,"[драма]","[США]"
"Что нового, кошечка?",108,1965,"[комедия]","[Франция, США]"
"В старые добрые времена",93,1980,"[комедия]","[Чехословакия]"
"Поймет лишь одинокий",104,1991,"[мелодрама, комедия]","[США]"
"Месть",124,1989,"[боевик, триллер, драма, мелодрама, криминал]","[США, Мексика]"
"Топпер",97,1937,"[фэнтези, мелодрама, комедия]","[США]"
"16 кварталов",105,2006,"[боевик, триллер, драма, криминал]","[Германия, США]"
"Долина пчел",97,1967,"[драма, история]","[Чехословакия]"
"Лев пустыни",173,1981,"[драма, военный, биография, история]","[Ливия, США]"
"Послание",177,1976,"[драма, приключения, биография, история]","[Ливан, Ливия, Кувейт, Марокко, Великобритания]"
"Блеф",110,1976,"[комедия, криминал]","[Италия]"
"Марсельский контракт",89,1974,"[боевик, триллер, драма, криминал]","[Великобритания, Франция]"
"На той стороне 110-й улицы",102,1972,"[боевик, триллер, драма, криминал]","[США]"
"Материнская любовь",150,1966,"[мюзикл, мелодрама, семейный]","[Индия]"
"Тайна Санта-Виттории",139,1969,"[драма, комедия, военный]","[США]"
"Удивительные приключения",61,1936,"[драма, мелодрама, комедия]","[Великобритания]"
"Маг",117,1968,"[фэнтези, драма, детектив]","[Великобритания]"
"Пропавший отряд",128,1966,"[драма, военный]","[США]"
"Грек Зорба",142,1964,"[драма, приключения]","[Греция, США]"
"Разбойник Варавва",144,1961,"[драма, приключения, биография, история]","[Италия, США]"
"Последний поезд из Ган Хилл",95,1959,"[мелодрама, вестерн]","[США]"
"Я – группи",89,1970,"[драма, музыка]","[Германия (ФРГ), Швейцария]"
"А ну-ка, девочка, разденься!",85,1973,"[комедия]","[Германия (ФРГ)]"
"Собор Парижской Богоматери",105,1956,"[драма, история, ужасы]","[Франция, Италия]"
"Жажда жизни",122,1956,"[драма, биография]","[США]"
"Линкольн",150,2012,"[драма, военный, биография, история]","[США, Индия]"
"Пираты Карибского моря: На краю Света",169,2007,"[фэнтези, боевик, приключения]","[США]"
"Вавилон",143,2006,"[драма]","[Франция, США, Мексика]"
"Как трусливый Роберт Форд убил Джесси Джеймса",160,2007,"[драма, криминал, вестерн, биография, история]","[США, Канада, Великобритания]"
"Жена путешественника во времени",107,2008,"[фантастика, фэнтези, драма, мелодрама]","[США]"
"Дом у озера",99,2006,"[фэнтези, драма, мелодрама]","[США, Австралия]"
"Город на границе",112,2006,"[триллер, драма, криминал, детектив]","[США]"
"Смертельная гонка",111,2008,"[фантастика, боевик, триллер]","[США, Германия, Великобритания]"
"Одинокие сердца",108,2005,"[триллер, драма, мелодрама, криминал]","[Германия, США]"
"Вторжение",120,2006,"[драма, мелодрама]","[Великобритания, США]"
"5 неизвестных",85,2005,"[триллер, драма, криминал, детектив]","[США]"
"Никогда не говори «Прощай»",193,2006,"[драма]","[Индия]"
"Загадка",140,2005,"[фэнтези, мелодрама]","[Индия]"
"Кот в сапогах",90,2011,"[мультфильм, фэнтези, комедия, приключения, семейный]","[США]"
"Держи ритм",118,2006,"[драма, музыка]","[США]"
"Плетеный человек",102,2006,"[ужасы, триллер, детектив]","[США, Германия, Канада]"
"Приключения Одиссея",91,1954,"[фэнтези, приключения]","[Италия, США, Франция]"
"Хэнкок",88,2008,"[фантастика, боевик, драма, комедия]","[США]"
"Джейн Остин",120,2006,"[драма, мелодрама, биография]","[Великобритания, Ирландия]"
"Свободная зона",90,2005,"[драма, комедия]","[Израиль, Бельгия, Франция, Испания]"
"Домино",86,2005,"[триллер, детектив]","[США]"
"Развод по-американски",106,2006,"[драма, мелодрама, комедия]","[США]"
"Бесстрашный",104,2006,"[боевик, драма, биография, спорт]","[Китай, Гонконг]"
"Медики (сериал)",23,2002,"[комедия]","[Россия]"
"Преодоление",105,2006,"[драма, биография, спорт]","[США]"
"Анатомия насилия",74,2005,"[ужасы, триллер]","[США]"
"Бесчестье",119,2008,"[драма]","[Австралия, ЮАР]"
"Шайтан",94,2006,"[ужасы, триллер, комедия]","[Франция]"
"Он, она и попугай",95,2011,"[драма, мелодрама]","[США]"
"Возвращение",116,2006,"[драма, комедия, криминал, детектив]","[Испания]"
"Снежный пирог",112,2006,"[драма, мелодрама]","[Канада, Великобритания]"
"Любовь в стиле сальса",102,2006,"[боевик, триллер, комедия, криминал]","[США]"
"Тени прошлого (видео)",91,2006,"[боевик, триллер]","[США, Великобритания, Румыния]"
"Отряд «Дракон»",110,2005,"[боевик, драма, криминал]","[Гонконг, Китай]"
"Давилка 3: Возрождение (видео)",84,2005,"[ужасы, фантастика]","[США]"
"Иллюзионист",110,2005,"[триллер, драма, мелодрама, детектив]","[США, Чехия]"
"Лондон",92,2005,"[драма, мелодрама]","[Великобритания, США]"
"Лезвия славы: Звездуны на льду",93,2007,"[комедия, спорт]","[США]"
"Разрисованная вуаль",125,2006,"[драма, мелодрама]","[Китай, США, Канада]"
"Любовь и другие катастрофы",90,2005,"[мелодрама, комедия]","[Франция, Великобритания]"
"Секрет",93,2006,"[драма, мелодрама]","[Франция, Канада]"
"Уроки вождения",98,2006,"[драма, комедия]","[Великобритания]"
"Наблюдение",97,2008,"[триллер, драма, криминал, детектив]","[США, Германия, Канада]"
"Оптом дешевле 2",94,2005,"[комедия, приключения, семейный]","[США, Канада]"
"Минотавр",93,2006,"[ужасы, фэнтези, приключения]","[Великобритания, Люксембург, Германия, Франция, Испания, Италия, США]"
"Дурдом на колесах",99,2006,"[комедия, приключения, семейный]","[Великобритания, Германия, США]"
"Ночной слушатель",81,2006,"[детектив, драма, триллер]","[США]"
"Охранник",108,2006,"[боевик, триллер, криминал]","[США]"
"Контракт",96,2005,"[боевик, триллер, драма, криминал]","[Германия, США]"
"Мадонна. Я хочу открыть вам свои секреты",126,2005,"[документальный, музыка]","[США]"
"Жатва",99,2007,"[ужасы, триллер]","[США]"
"Беовульф",113,2007,"[мультфильм, фэнтези, боевик, драма, приключения]","[США]"
"Разрыв",116,2007,"[драма, мелодрама]","[Канада, ЮАР, Великобритания]"
"Снежные ангелы",103,2006,"[драма, мелодрама]","[США]"
"Каратель: Территория войны",103,2008,"[боевик, триллер, драма, криминал]","[США, Канада, Германия]"
"Пекло",107,2007,"[фантастика, триллер, приключения]","[Великобритания, США]"
"Ну что, приехали: Ремонт",92,2007,"[драма, комедия, семейный]","[Канада, США]"
"Девушка из воды",110,2006,"[фэнтези, триллер, детектив]","[США]"
"Байкеры 2: Настоящие чувства",152,2006,"[боевик, триллер]","[Индия]"
"Банти и Бабли",170,2005,"[комедия, криминал, приключения]","[Индия]"
42,128,2013,"[спорт, драма, биография]","[США]"
"Катакомбы",100,2006,"[ужасы, триллер]","[США]"
"Принцессы",109,2005,"[драма]","[Испания]"
"Несколько дней в сентябре",116,2006,"[триллер, драма, военный]","[Италия, Франция, Португалия]"
"Последний танец",90,2006,"[боевик, мелодрама, комедия, криминал]","[Сингапур]"
"Грейси",95,2007,"[драма, биография, спорт]","[США]"
"Наши соседи Ямада",104,1999,"[аниме, мультфильм, комедия, семейный]","[Япония]"
"Одержимость",103,2006,"[триллер, драма, детектив]","[Австралия]"
"Осквернители могил",95,2006,"[ужасы]","[США]"
"Остаться в живых",85,2006,"[ужасы, триллер]","[США]"
"Последнее желание",96,2005,"[драма, комедия]","[США]"
"Хороший немец",105,2006,"[триллер, драма, детектив]","[США]"
"Сильвия Скарлетт",95,1935,"[драма, мелодрама, комедия]","[США]"
"Месть бедняка",150,2005,"[драма, приключения]","[Франция]"
"Дублер",85,2006,"[драма, комедия]","[Франция, Италия, Бельгия]"
"Синдбад-мореход",116,1947,"[фэнтези, мелодрама, приключения]","[США]"
"Веселые и загорелые",97,2006,"[комедия]","[Франция]"
"Шпионские страсти",89,2006,"[комедия]","[Франция]"
"Изгоняющий дьявола: Приквел",117,2005,"[ужасы, триллер, драма]","[США]"
"Образы Европы",140,2004,"[драма, комедия]","[Австрия, Бельгия, Кипр, Чехия, Дания, Эстония, Финляндия, Франция, Германия, Греция, Венгрия, Ирландия, Италия, Латвия, Литва, Люксембург, Мальта, Нидерланды, Польша, Португалия, Словакия, Словения, Испания, Швеция, Великобритания]"
"Мягкий удар",100,2008,"[драма, мелодрама, криминал, детектив]","[Австралия]"
"Дежавю",126,2006,"[фантастика, боевик, триллер]","[США, Великобритания]"
"Аквамарин",104,2006,"[фэнтези, мелодрама, комедия, семейный]","[США, Австралия]"
"Гамильтоны",86,2006,"[ужасы, триллер, драма]","[США]"
"Бунтарка",103,2006,"[драма, комедия, спорт]","[США, Германия]"
"Каннибал из Ротенбурга",90,2006,"[ужасы, триллер, драма, криминал]","[Германия]"
"Хостел",94,2005,"[ужасы]","[США]"
"Раз придурок, два придурок",90,2008,"[комедия]","[США]"
"Растворение мира",135,2005,"[фэнтези]","[США, Япония]"
"Санта Клаус 3",88,2006,"[фэнтези, комедия, приключения, семейный]","[США]"
"Кровавый алмаз",143,2006,"[триллер, драма, приключения]","[США, Германия]"
"Небесные восхищения Нины",94,2006,"[комедия]","[Великобритания]"
"История одного вампира",109,2009,"[фэнтези, боевик, триллер, приключения]","[США]"
"Византийская принцесса",121,2006,"[приключения]","[Италия, Испания, Великобритания]"
"Черный лебедь",85,1942,"[боевик, драма, приключения, семейный, история]","[США]"
"8 миллиметров 2 (видео)",106,2005,"[триллер, драма, детектив]","[США, Венгрия]"
"Птеродактиль",89,2005,"[ужасы, фантастика, боевик, триллер, приключения]","[США]"
"Мой друг",84,2006,"[драма, комедия]","[Германия]"
"Че Гевара",102,2005,"[драма, мелодрама, военный, биография, история]","[США]"
"Двое бродяг",97,2005,"[драма]","[Португалия]"
"Неоспоримый 2",98,2006,"[боевик, драма, криминал, спорт]","[США]"
"Они умерли на своих постах",140,1941,"[драма, мелодрама, вестерн, военный, биография]","[США]"
"Не вижу зла",84,2006,"[ужасы, триллер]","[США, Австралия]"
"Любить и не сдаваться",157,2005,"[мелодрама, комедия]","[Швейцария, Индия]"
"Грустная история любви",150,2005,"[драма, мелодрама]","[Индия]"
"Кровь и песок",125,1941,"[драма, спорт]","[США]"
"Все вместе",84,2007,"[драма, мелодрама, комедия]","[Великобритания]"
"Вскрытие",85,2008,"[ужасы, триллер, детектив]","[США]"
"Мелисса: Интимный дневник",100,2005,"[драма]","[Италия, Испания]"
"Потерянные",119,2006,"[ужасы, триллер, драма, криминал]","[США]"
"Сочувствие госпоже Месть",112,2005,"[ужасы, триллер, драма, криминал]","[Корея Южная]"
"Борат",84,2006,"[комедия]","[США, Великобритания]"
"Блок Пати",103,2005,"[документальный, комедия, музыка]","[США]"
"Завоевать город",98,1940,"[драма, криминал, музыка]","[США]"
"Нож гильотины",122,2004,"[триллер, драма, комедия, криминал]","[Бельгия, Франция, Испания]"
"Знамение",121,2009,"[фантастика, триллер, драма, детектив]","[США, Великобритания, Австралия]"
"Далекая синяя высь",80,2005,"[фантастика]","[Германия, Франция, Австрия, Великобритания]"
"Я люблю Люси",80,1953,"[комедия]","[США]"
"Через Вселенную",133,2007,"[мюзикл, фэнтези, драма, мелодрама]","[США, Великобритания]"
"Правда и ничего кроме...",93,2006,"[драма, комедия]","[США, ЮАР, Италия]"
"Я живу в твоем сердце",160,1999,"[мелодрама]","[Индия]"
"Пивная лига",86,2006,"[комедия, спорт]","[США]"
"Фэй Грим",118,2006,"[боевик, триллер, комедия]","[США, Германия, Франция]"
"Рабство",120,2007,"[триллер, драма, криминал]","[Германия, США]"
"10 000 лет до н.э.",110,2008,"[фэнтези, боевик, драма, приключения, история]","[США, ЮАР]"
"Американский самурай (видео)",94,1992,"[боевик]","[США]"
"Нападение на Остров Дьявола (ТВ)",96,1997,"[боевик, триллер, приключения]","[США, Канада]"
"Нападение на Остров Дьявола 2: Гора Смерти (ТВ)",90,1998,"[боевик, триллер, приключения]","[Канада]"
"Темно-синий, почти черный",105,2006,"[драма]","[Испания]"
"Мсье Ибрагим и цветы Корана",96,2003,"[драма, комедия]","[Франция]"
"Озорной мир Тэкса Авери (сериал)",30,1997,"[мультфильм, комедия, семейный]","[США, Франция, Канада]"
"Олененок Рудольф (видео)",83,1998,"[мультфильм, мюзикл, мелодрама, приключения, семейный]","[США, Канада]"
"Олененок Рудольф 2: Остров потерянных игрушек (видео)",74,2001,"[мультфильм, мюзикл, комедия, семейный]","[США, Канада]"
"Пираты темной воды (сериал 1991 – 1992)",22,1991,"[мультфильм, фэнтези, боевик, приключения]","[США]"
"Скуби Ду едет в Голливуд (ТВ)",60,1979,"[мультфильм, комедия, детектив, семейный]","[США]"
"Скуби-Ду! встречает братьев Бу (ТВ)",93,1987,"[мультфильм, фэнтези, комедия]","[США]"
"Скуби-Ду! и нашествие инопланетян (видео)",74,2000,"[мультфильм, фантастика, комедия, детектив]","[США]"
"Маска (сериал 1995 – 1997)",22,1995,"[мультфильм, фэнтези, комедия]","[США]"
"Тупой и еще тупее (сериал 1995 – ...)",21,1995,"[мультфильм, комедия, семейный]","[США]"
"Скуби-Ду! Ночи Шахерезады (ТВ)",68,1994,"[мультфильм, фэнтези, комедия, детектив]","[США]"
"Легенда о принце Валианте (сериал 1991 – 1994)",22,1991,"[мультфильм, фэнтези, приключения]","[США]"
"Чокнутый (сериал 1993 – 1994)",22,1993,"[мультфильм, комедия, семейный]","[США]"
"Надзиратель",93,2001,"[комедия, криминал]","[Великобритания]"
"Секрет Анастасии (видео)","-",1997,"[мультфильм, семейный]","[США]"
"Овод (мини-сериал)",210,1980,"[драма]","[СССР]"
"Шестидесятые (ТВ)",240,1999,"[драма]","[США]"
"13-й воин",102,1999,"[боевик, детектив, приключения]","[США]"
"Скольжение (ТВ)",120,1998,"[триллер, детектив]","[США]"
"День восьмой",118,1996,"[драма, комедия]","[Бельгия, Франция, Великобритания]"
"Запретная любовь (ТВ)",105,2000,"[драма]","[США]"
"Проект 281 (ТВ)",86,1999,"[драма, биография]","[США, Великобритания]"
"Смятение чувств (ТВ)",90,1980,"[драма]","[Франция, Германия (ФРГ)]"
"Тайна леди Одли (ТВ)",108,2000,"[драма]","[Великобритания]"
"Ужас из бездны (ТВ)",91,2001,"[ужасы, фэнтези, триллер]","[США]"
"Не навреди (ТВ)",90,1997,"[драма]","[США, Канада]"
"Пари Матч (ТВ)",100,2000,"[драма, комедия]","[США]"
"Заживо погребенный 2 (ТВ)",97,1997,"[ужасы, триллер]","[США]"
"Похороненные заживо (ТВ)",89,1990,"[ужасы, триллер]","[США]"
"Суини Тодд (ТВ)",92,1997,"[ужасы, триллер, драма, криминал]","[Ирландия, США]"
"Свидетель против мафии (ТВ)",240,1998,"[драма, криминал]","[США]"
"Девушка, которая слишком много знала",92,1963,"[триллер, детектив]","[Италия]"
"Сюрприз для папаши (ТВ)",93,1997,"[комедия, семейный]","[Канада]"
"Приговоренный к смерти (ТВ)",104,1993,"[боевик, триллер, драма]","[США]"
"Новый дон (ТВ)",346,1999,"[драма, криминал]","[Канада, США, Италия]"
"Тело будет предано земле, а старший мичман будет петь",101,1998,"[комедия]","[Россия]"
"Семья",132,1987,"[мелодрама]","[Индия]"
"Муки невинных",102,1972,"[ужасы, триллер, детектив]","[Италия]"
"Мать",139,1991,"[драма]","[Франция]"
"Куклы",77,1986,"[ужасы, фэнтези]","[США, Италия]"
"Крысиная стая (ТВ)",120,1998,"[драма]","[США]"
"Проклятие Амитивилля (видео)",91,1989,"[ужасы]","[Канада, США]"
"Судороги ужаса (ТВ)",90,1997,"[ужасы, триллер]","[Канада]"
"Витрина (ТВ)",76,2000,"[мелодрама]","[Россия]"
"Шоссе номер 9 (ТВ)",105,1998,"[драма, криминал]","[США]"
"Молодая Екатерина (ТВ)",187,1990,"[драма, биография, история]","[Великобритания, США, Канада, СССР, Германия, Италия]"
"Вольный ветер (ТВ)",134,1983,"[мюзикл, мелодрама, комедия]","[СССР]"
"Зодиак",158,2007,"[триллер, драма, криминал, детектив]","[США]"
"Полицейская история",112,1975,"[триллер, драма, криминал]","[Франция, Италия]"
"Хочу быть хуже всех: История Денниса Родмана (ТВ)",120,1998,"[драма, биография, спорт]","[США, Канада]"
"Оливер Твист (ТВ)",91,1997,"[драма, криминал, семейный]","[США]"
"Бесы",116,1987,"[драма]","[Франция]"
"Клонические войны (сериал 2003 – 2005)",5,2003,"[мультфильм, фантастика, фэнтези, боевик, приключения]","[США, Корея Южная]"
"Девятый день",98,2004,"[триллер, драма, военный]","[Германия, Люксембург, Чехия]"
"Когда сталкиваются миры",83,1951,"[фантастика, семейный]","[США]"
"Без семьи (ТВ)",180,2000,"[драма]","[Чехия, Франция, Германия]"
"Ландыш серебристый 2 (сериал)",600,2004,"[драма, мелодрама, комедия]","[Россия]"
"Топор для новобрачной",88,1970,"[ужасы, триллер]","[Италия, Испания]"
"Буковски",130,2003,"[документальный, биография]","[США]"
"На острие: Волшебство киномонтажа",99,2004,"[документальный]","[США, Япония, Великобритания]"
"О, божественный пес!",103,1980,"[фэнтези, комедия, криминал, детектив]","[США]"
"Код да Винчи (видео)",88,2004,"[документальный, история]","[США]"
"Анастасия: Тайна Анны (ТВ)",200,1986,"[драма, детектив]","[США, Австрия, Италия]"
"Узы крови",117,1979,"[триллер, драма, мелодрама, криминал, детектив]","[США, Германия (ФРГ)]"
"Розовая пантера наносит ответный удар",103,1976,"[триллер, комедия, криминал]","[Великобритания, США]"
"Чешская мечта",90,2004,"[документальный, комедия]","[Чехия]"
"Таинственный остров",96,1972,"[фантастика, приключения]","[Испания, Франция, Италия, Камерун]"
"Ограбление",120,1971,"[боевик, триллер, криминал]","[Франция, Италия]"
"Гавайи, Осло",125,2004,"[драма]","[Дания, Швеция, Норвегия]"
"Взаимопонимание",109,2005,"[комедия]","[США]"
"Война крестоносцев",128,1971,"[драма, приключения, военный]","[Великобритания, США]"
"Затвор",97,2004,"[ужасы, триллер, детектив]","[Таиланд]"
"Непослушный Бабби",114,1993,"[комедия]","[Австралия, Италия]"
"Майерлинг",135,1968,"[драма, мелодрама, история]","[Великобритания, Франция]"
"Смешная девчонка",155,1968,"[мюзикл, драма, мелодрама, комедия, биография]","[США]"
"Воссоединение семьи Мэдеи",107,2006,"[драма, мелодрама, комедия]","[США]"
"Путешествие на край ночи",88,2006,"[триллер, драма]","[США, Германия, Бразилия]"
"Магазин на площади",125,1965,"[драма]","[Чехословакия]"
"Тени мертвых",92,2004,"[ужасы, драма]","[США]"
"Московские окна (сериал)",43,2001,"[драма]","[Россия]"
"Лучший город Земли (сериал)",44,2003,"[драма]","[Россия]"
"Принцесса на горошине",75,2002,"[мультфильм, фэнтези, семейный]","[США, Венгрия]"
"Дикость 3: Неограненные алмазы (ТВ)",87,2005,"[триллер, драма, криминал, детектив]","[США]"
"Рубаки Next (сериал)",30,1996,"[аниме, мультфильм, комедия]","[Япония]"
"Человек гризли (ТВ)",103,2005,"[документальный, биография]","[США]"
"Вскармливание",97,2005,"[ужасы, триллер, криминал]","[Австралия]"
"Дети шпионы","-",2004,"[боевик, комедия, приключения, семейный]","[США]"
"Черный ирландец",95,2007,"[драма]","[США]"
"Харакири",133,1962,"[драма, боевик, история]","[Япония]"
"Виола Тараканова (сериал 2004 – 2007)",45,2004,"[боевик, комедия, криминал, детектив]","[Россия]"
"Ангелы в Америке (мини-сериал)",352,2003,"[фэнтези, драма]","[США, Италия]"
"Слезы под дождем (ТВ)",100,1988,"[драма, мелодрама, военный]","[Великобритания]"
"Эскадрилья «Лафайет»",140,2006,"[боевик, драма, мелодрама, приключения, военный, история]","[Великобритания, США]"
"Лунный камень (ТВ)",112,1997,"[драма, криминал, детектив]","[Великобритания]"
"Женщина в белом (ТВ)",125,1997,"[триллер, детектив]","[Великобритания]"
"Телохранитель",105,2004,"[боевик, комедия]","[Таиланд]"
"Джордж Вашингтон",90,2000,"[драма]","[США]"
"Алиса в стране чудес",76,1933,"[фэнтези, приключения, семейный]","[США]"
"Вышивальщицы",89,2004,"[драма, мелодрама]","[Франция]"
"Кошмар Дарвина",107,2004,"[документальный]","[Австрия, Бельгия, Франция, Германия]"
"Девочки-камикадзе",102,2004,"[комедия]","[Япония]"
"Джордж Уоллас (ТВ)",178,1997,"[драма, биография]","[США]"
"Черепашки-ниндзя",87,2007,"[мультфильм, фантастика, фэнтези, боевик, комедия, приключения, семейный]","[Гонконг, США]"
"Коробка",88,2004,"[комедия]","[Франция]"
"Бравый солдат Швейк",202,1957,"[комедия, военный]","[Чехословакия]"
"Кенгуру Джекпот: Новые приключения (видео)",75,2004,"[мультфильм, семейный]","[США]"
"Чобиты (сериал 2002 – 2003)",25,2002,"[аниме, мультфильм, фантастика, драма, мелодрама, комедия]","[Япония]"
"Формула 17",93,2004,"[мелодрама, комедия]","[Тайвань]"
"Замужняя женщина",130,2005,"[мюзикл, драма, мелодрама]","[Индия]"
"Лила говорит",89,2004,"[драма, мелодрама, криминал]","[Франция, Великобритания]"
"Ушпизин",90,2004,"[драма]","[Израиль]"
"Утомленные солнцем 2: Предстояние",181,2010,"[драма, военный]","[Россия]"
"Я не ангел",87,1933,"[мюзикл, мелодрама, комедия]","[США]"
"Цезарь и Клеопатра",129,1945,"[драма, мелодрама, комедия, военный, биография, история]","[Великобритания]"
"Натянутая тетива",90,2005,"[драма, мелодрама]","[Корея Южная, Япония]"
"Время прощания",85,2005,"[драма]","[Франция]"
"Теневой партнер",96,2004,"[боевик, криминал]","[Россия, США]"
"Капризное облако",114,2005,"[мюзикл, фантастика, драма, комедия]","[Тайвань, Франция]"
"Рыцари неба",102,2005,"[боевик, приключения]","[Франция]"
"Мужской сезон: Бархатная революция",116,2005,"[боевик, драма, криминал]","[Россия]"
"Семейные тайны (мини-сериал)",1200,2001,"[драма]","[Россия]"
"Северная Корея: День из жизни",48,2004,"[документальный]","[Нидерланды]"
"Приключения Шерлока Холмса",85,1939,"[триллер, криминал, детектив]","[США]"
"Повесть о поздней хризантеме",148,1939,"[драма]","[Япония]"
"Призрак оперы",92,1943,"[ужасы, триллер, драма, мелодрама, музыка]","[США]"
"Фантоцци",97,1975,"[комедия]","[Италия]"
"Второй трагический Фантоцци",105,1976,"[комедия]","[Италия]"
"У Фантоцци опять неприятности",84,1983,"[комедия]","[Италия]"
"Супер Фантоцци",90,1986,"[комедия]","[Италия]"
"Фантоцци уходит на пенсию",95,1988,"[комедия]","[Италия]"
"Вперед, путешественник",117,1942,"[драма, мелодрама]","[США]"
"Фантоцци в раю",92,1993,"[комедия]","[Италия]"
"История Джона Леннона (ТВ)",85,2000,"[драма, биография, музыка]","[США]"
"Дитя",95,2005,"[драма, мелодрама, криминал]","[Бельгия, Франция]"
"Похищение вождя краснокожих (ТВ)",90,1998,"[комедия, вестерн]","[США]"
"Князь Владимир",78,2004,"[мультфильм, драма, история]","[Россия]"
"Война тануки в периоды Хэйсэй и Помпоко",119,1994,"[аниме, мультфильм, фэнтези, драма, комедия]","[Япония]"
"Синьор Робинзон",107,1976,"[мелодрама, комедия, приключения]","[Италия]"
"Школа воров 2",92,1987,"[комедия]","[Италия]"
"Выигрыш в новогоднюю лотерею",90,1989,"[комедия]","[Италия]"
"Клятва",103,2005,"[фэнтези, боевик, драма]","[Китай, Корея Южная, США]"
"Город грехов 2: Женщина, ради которой стоит убивать",94,2014,"[триллер, криминал]","[США]"
"Пульс",90,2006,"[ужасы, фантастика]","[США]"
"Увертка",117,2003,"[драма, мелодрама]","[Франция]"
"Спуск",99,2005,"[ужасы, фантастика, приключения]","[Великобритания]"
"Сдвиг",105,2006,"[боевик]","[Россия]"
"Сволочи",98,2006,"[боевик, драма, военный]","[Россия]"
"Схватка",159,2005,"[боевик]","[Индия]"
"Горечь и сладость",120,2005,"[боевик, драма, криминал]","[Корея Южная]"
"Последний день",104,2004,"[драма]","[Франция]"
"Аргентинский дог",97,2004,"[драма]","[Аргентина, Испания]"
"Любовник",92,2004,"[драма]","[Япония]"
"Проклятое место",95,2006,"[ужасы, триллер]","[Люксембург, Великобритания]"
"Идеальное преступление",105,2004,"[триллер, комедия, криминал]","[Испания, Италия]"
"Хана и Алиса",135,2004,"[драма, комедия]","[Япония]"
"Мир без воров",113,2004,"[боевик, драма, криминал]","[Китай, Гонконг]"
"Точка R",107,2004,"[ужасы, боевик, триллер, драма, военный]","[Корея Южная]"
4,126,2004,"[фантастика, драма, детектив]","[Россия, Нидерланды]"
"Чужая кожа",97,2005,"[драма]","[Германия, Австрия]"
"Возрожденный Франкенштейн",84,2005,"[ужасы, фантастика, триллер]","[США]"
"Темная сторона сердца",127,1992,"[драма, мелодрама, комедия]","[Аргентина, Канада]"
"Собачий мир",97,1962,"[документальный]","[Италия]"
"Горный патруль",98,2004,"[боевик, драма]","[Китай, Гонконг]"
"Восставший из ада 8: Адский мир (видео)",95,2003,"[ужасы, триллер]","[США, Румыния]"
"Восставший из ада 7: Армия мертвецов (видео)",88,2003,"[ужасы, триллер, детектив]","[США, Румыния]"
"Киллер",92,2008,"[триллер, драма, криминал]","[США]"
"Прогулка по эшафоту",123,1992,"[ужасы, фэнтези, триллер, детектив]","[Россия]"
"Рабыня Изаура (сериал 1976 – 1988)",25,1976,"[драма]","[Бразилия]"
"Хардкор",96,2004,"[драма, криминал]","[Греция]"
"Человек-личинка (ТВ)",96,2005,"[ужасы, фантастика]","[Германия, США]"
"Просто Мария (сериал 1989 – 1990)",40,1989,"[драма, мелодрама]","[Мексика]"
"Богатые тоже плачут (сериал)",41,1979,"[драма, мелодрама]","[Мексика]"
"Наемники (видео)",91,2006,"[боевик, триллер, драма]","[Аруба, США, ЮАР]"
"Красавица и чудовище (сериал 1987 – 1990)",43,1987,"[фэнтези, драма, мелодрама, криминал]","[США]"
"Старик и ребенок",86,1966,"[драма, комедия]","[Франция]"
"Сыщики-любители экстра класса (сериал 1971 – 1972)",43,1971,"[боевик, комедия, приключения]","[Великобритания]"
"Прямохождение",90,2005,"[фантастика, драма]","[Нидерланды, Россия]"
"Четыре встречи с Владимиром Высоцким (ТВ)",265,1987,"[биография]","[СССР]"
"Грайндхаус",191,2007,"[ужасы, фантастика, боевик, триллер, комедия, криминал, приключения]","[США]"
"Нас приняли!",93,2006,"[комедия]","[США]"
"Битва за Англию",132,1969,"[военный, история, драма, боевик]","[Великобритания]"
"Эрагон",104,2006,"[фэнтези, боевик, приключения, семейный]","[США, Великобритания, Венгрия]"
"Когда нас не станет",81,2004,"[драма]","[Франция]"
"Шаровая молния",130,1965,"[боевик, триллер, приключения]","[Великобритания]"
"Малыш Рекс – четвероногий детектив (ТВ)",91,1997,"[комедия, криминал]","[Австрия, Германия]"
"Галактическая война (мини-сериал)",182,2004,"[фантастика, боевик, драма, приключения]","[США, Австралия]"
"Она обошлась с ним нечестно",66,1933,"[мюзикл, драма, мелодрама, комедия, история]","[США]"
"Язон и аргонавты",104,1963,"[фэнтези, приключения, семейный]","[Великобритания, США]"
"Золотой лед 2: В погоне за золотом (видео)",98,2006,"[драма, мелодрама, комедия, спорт]","[США]"
"Спасительный рассвет",120,2006,"[драма, приключения, военный, биография]","[США, Люксембург]"
"Искушение замужней женщины",130,2004,"[триллер, драма]","[Индия]"
"Предельная глубина (видео)",96,2005,"[боевик, триллер]","[США, Болгария]"
"Лабиринт Фавна",118,2006,"[фэнтези, драма, военный]","[Испания, Мексика, США]"
"Кунг-фу Панда",91,2008,"[мультфильм, боевик, комедия, приключения, семейный]","[США]"
"Кинг Конг против Годзиллы",74,1962,"[фантастика, боевик, комедия, приключения]","[Япония]"
"Космос как предчувствие",90,2005,"[драма]","[Россия]"
"Свадьба",100,2004,"[драма, комедия]","[Франция]"
"Лучший день в моей жизни",104,2004,"[мелодрама, комедия]","[Франция, Бельгия]"
"После секса",77,2007,"[драма, мелодрама, комедия]","[США]"
"Не пойман – не вор",129,2006,"[триллер, драма, криминал, детектив]","[США]"
"Омен",110,2006,"[ужасы, триллер, детектив]","[США]"
"Вакансия на жертву",85,2007,"[ужасы, триллер]","[США]"
"Соломон и Шеба",139,1959,"[драма, мелодрама, военный, история]","[США]"
"Эван Всемогущий",96,2007,"[фэнтези, комедия, семейный]","[США]"
"Ворон",92,1943,"[триллер, драма, криминал, детектив]","[Франция]"
"Пристани Нью-Йорка",76,1928,"[драма, мелодрама, криминал]","[США]"
"Когда мне было 5 лет, я покончил с собой",100,1994,"[драма]","[Франция]"
"Фантазии Веснухина (ТВ)",125,1976,"[комедия]","[СССР]"
"Приморский бульвар (ТВ)",128,1988,"[мюзикл, комедия]","[СССР]"
"Он так и знал (мини-сериал)",240,2004,"[драма]","[Великобритания]"
"Наследие тамплиеров (ТВ)",180,2004,"[фантастика, приключения]","[Германия]"
"Аутсайдер (ТВ)",119,2002,"[драма, мелодрама, вестерн]","[США]"
"Два крутых придурка",99,2003,"[боевик, комедия, криминал]","[Испания]"
"Дети Арбата (сериал)",48,2004,"[драма, мелодрама, военный]","[Россия]"
"Последний раз, когда я видел Париж",116,1954,"[драма, мелодрама]","[США]"
"Наводчик (видео)",95,2005,"[боевик, триллер, приключения]","[США]"
"Остров детей",109,1980,"[драма]","[Швеция]"
"Режиссер: Андрей Тарковский",102,1988,"[документальный]","[Швеция]"
"Неуправляемый",88,2006,"[комедия]","[Франция]"
"Марокко",105,2005,"[драма, мелодрама]","[Марокко, Франция]"
"Белокурая Венера",93,1932,"[драма, мелодрама]","[США]"
"А у вас который час?",116,2001,"[драма, мелодрама]","[Тайвань, Франция]"
"Летняя сказка",113,1996,"[драма, мелодрама, комедия]","[Франция]"
"Рокеры",100,1978,"[драма, комедия, музыка]","[Ямайка]"
"Я боюсь",120,1977,"[триллер, драма, криминал]","[Италия]"
"Остаться в живых (сериал 2004 – 2010)",43,2004,"[фантастика, фэнтези, триллер, драма, детектив, приключения]","[США]"
"Королевский госпиталь (сериал)",43,2004,"[ужасы, фэнтези, драма, комедия, детектив]","[США]"
"Битва на небесах",98,2005,"[драма]","[Мексика, Бельгия, Франция, Германия, Нидерланды]"
"Операция «Скорпион»",91,2006,"[ужасы, фантастика, боевик]","[США]"
"Реинкарнация",96,2005,"[ужасы, детектив]","[Япония]"
"День рождения Буржуя 2 (мини-сериал)",52,2001,"[триллер]","[Россия]"
"Джулия: Исповедь элитной проститутки",143,2004,"[драма]","[Индия]"
"Попса",111,2005,"[мюзикл, драма]","[Россия]"
"Четыре звезды",106,2006,"[комедия]","[Франция]"
"Шведская история любви",115,1970,"[драма, мелодрама]","[Швеция]"
"Долина решимости",119,1945,"[драма]","[США]"
"С тех пор как вы ушли",120,1944,"[драма, мелодрама, военный]","[США]"
"Вороний квартал",101,1963,"[драма]","[Швеция]"
"В честь пропавшего солдата",92,1992,"[драма, мелодрама, военный]","[Нидерланды]"
"Дыра",95,1997,"[мюзикл, фэнтези, драма]","[Тайвань, Франция]"
"Река",115,1997,"[драма, мелодрама]","[Тайвань]"
"Да здравствует любовь",118,1994,"[драма]","[Тайвань]"
"Летчик-испытатель",119,1938,"[драма, мелодрама]","[США]"
"Офицер с розой",106,1987,"[мелодрама]","[Югославия]"
"Отважные капитаны",117,1937,"[драма, приключения, семейный]","[США]"
"Дама с камелиями",109,1936,"[драма, мелодрама]","[США]"
"Дьявольская кукла",78,1936,"[ужасы, фантастика]","[США]"
"Знак вампира",60,1935,"[ужасы, детектив]","[США]"
"Дэвид Копперфилд",130,1935,"[драма, мелодрама, приключения]","[США]"
"Аромат Ивонны",86,1994,"[драма, мелодрама]","[Франция]"
"Дом мертвецов",90,2003,"[ужасы, боевик, триллер, драма, комедия]","[Германия, Канада, США]"
"Билет в космос",90,2006,"[фантастика, комедия]","[Франция]"
"Мата Хари",89,1931,"[драма, мелодрама]","[США]"
"Баллистика: Экс против Сивер",91,2002,"[фантастика, боевик, триллер, криминал]","[США, Германия]"
"Гилиап",140,1975,"[драма, криминал]","[Швеция]"
"Отчим",123,1981,"[драма]","[Франция]"
"Из жизни марионеток (ТВ)",104,1980,"[драма]","[Германия (ФРГ), Швеция]"
"Фанни и Александр. Хроника создания фильма",110,1986,"[документальный]","[Швеция]"
"Одален 31",110,1969,"[драма, мелодрама, история]","[Швеция]"
"Generation П",120,2011,"[фантастика, драма, комедия]","[Россия, США]"
"Бедные родственники",103,2005,"[драма, комедия]","[Франция, Россия]"
"Долгое падение",96,2013,"[драма, комедия]","[Великобритания, Германия]"
"Братство камня",102,2006,"[фэнтези, триллер, драма, криминал, детектив, приключения]","[Франция, Германия, Италия]"
"Репликант",100,2001,"[фантастика, боевик, триллер]","[США]"
"Я и Наполеон",100,2006,"[комедия, военный, история]","[Италия, Испания, Франция]"
"Хитмэн",89,2007,"[боевик, триллер, драма, криминал]","[Франция, США]"
"Тайны заблудших душ",90,2005,"[триллер, драма, комедия]","[США, Великобритания]"
"Декабрьские мальчики",105,2007,"[драма, мелодрама]","[Австралия]"
"Люди Икс: Начало. Росомаха",107,2009,"[фантастика, боевик, триллер, приключения]","[США, Великобритания]"
"Сенсация",96,2006,"[комедия, детектив]","[Великобритания, США]"
"Американская мечта",107,2006,"[комедия, музыка]","[США]"
"Лавка чудес",89,2007,"[фэнтези, комедия, семейный]","[США, Канада]"
"Призраки Гойи",109,2006,"[драма, биография, история]","[США, Испания]"
"Дон. Главарь мафии",168,2006,"[боевик, триллер, криминал]","[Индия]"
"Братан Мунна 2",144,2006,"[драма, мелодрама, комедия]","[Индия]"
"Искусство любить",134,2005,"[драма]","[Индия]"
"Громобой",93,2006,"[боевик, триллер, приключения, семейный]","[Германия, США, Великобритания]"
"Спасатель",139,2006,"[драма, приключения]","[США]"
"Идеальный незнакомец",109,2007,"[триллер, криминал, детектив]","[США]"
"Старший сын",84,2006,"[драма, комедия]","[США]"
"Прощай, детка, прощай",114,2007,"[триллер, драма, криминал, детектив]","[США]"
"Отпуск по обмену",138,2006,"[мелодрама, комедия]","[США]"
"Тигровые отряды",125,2006,"[боевик, криминал, приключения]","[Франция]"
"По прозвищу «Чистильщик»",91,2006,"[боевик, комедия, криминал]","[США]"
"Провинциалка (видео)",93,2007,"[драма, мелодрама, комедия]","[США]"
"Гарфилд 2: История двух кошечек",86,2006,"[мультфильм, фэнтези, комедия, семейный]","[Великобритания, США]"
"В погоне за счастьем",117,2006,"[драма, биография]","[США]"
"Вне закона",105,2006,"[драма, мелодрама, комедия, криминал, музыка]","[США]"
"Скандальный дневник",92,2006,"[триллер, драма]","[Великобритания]"
"Майкл Клейтон",119,2007,"[триллер, драма, криминал, детектив]","[США]"
"Великий Бак Ховард",90,2008,"[драма, комедия]","[США]"
"Забытые желания",104,2007,"[драма, биография]","[Австралия]"
"Рэмбо IV",91,2007,"[боевик, триллер, военный]","[Германия, США]"
"Убить за 75 секунд",100,2007,"[ужасы, триллер]","[США]"
"Затерянный город",98,2006,"[ужасы]","[США]"
"Сматывай удочки",105,2004,"[комедия, криминал]","[Россия]"
"Пристрели их",86,2007,"[боевик, триллер, комедия, криминал]","[США]"
"Прочная защита (видео)",110,2006,"[боевик, триллер]","[США]"
"Второй в команде (видео)",92,2006,"[боевик, триллер, военный]","[США, Румыния]"
"Стон черной змеи",116,2006,"[драма, музыка]","[США]"
"Когда я был певцом",112,2006,"[драма, мелодрама, музыка]","[Франция]"
"Параграф 78: Фильм первый",88,2007,"[фантастика, боевик, триллер]","[Россия]"
"Восемь с половиной долларов",95,1999,"[комедия, криминал]","[Россия]"
"Свора",91,2006,"[ужасы, триллер, комедия]","[Германия, ЮАР, США]"
"Внутренняя империя",180,2006,"[фэнтези, триллер, драма, детектив]","[Франция, Польша, США]"
"Мальчишник",98,2006,"[драма, мелодрама, комедия, музыка]","[США]"
"Дьявол носит «Prada»",109,2006,"[драма, мелодрама, комедия]","[США, Франция]"
"Во имя короля: История осады подземелья",121,2006,"[фэнтези, боевик, драма, приключения]","[Германия, Канада, США]"
"Сладкий сон",84,1999,"[для взрослых]","[Италия]"
"Генерал Делла Ровере",138,1959,"[драма, военный]","[Италия, Франция]"
"Мальчик на троих",94,2006,"[комедия]","[США]"
"Бой с тенью 2: Реванш",133,2007,"[боевик, драма, криминал]","[Россия]"
"Блондинки и брюнетки",95,2001,"[для взрослых]","[США]"
"Юха",78,1999,"[драма, мелодрама, комедия]","[Финляндия]"
"Береги свою косынку, Татьяна",65,1994,"[комедия]","[Финляндия, Германия]"
"Я нанял убийцу",79,1990,"[драма, комедия]","[Финляндия, Великобритания, Германия, Швеция, Франция]"
"Девушка со спичечной фабрики",68,1990,"[драма, комедия]","[Финляндия, Швеция]"
"Она – мужчина",105,2006,"[мелодрама, комедия]","[США, Канада]"
"Замок (ТВ)",123,1997,"[драма, детектив]","[Германия, Австрия]"
"Море, которое мыслит",100,2000,"[фэнтези, драма, комедия, приключения, биография]","[Нидерланды]"
"Ритуал",128,2000,"[драма]","[Япония]"
"Нижний город",98,2005,"[драма]","[Бразилия, Великобритания]"
"Азур и Азмар",99,2006,"[мультфильм, фэнтези, приключения, семейный]","[Франция, Бельгия, Испания, Италия]"
"Лис Ренар",90,2005,"[мультфильм]","[Люксембург]"
"Не зарекайся",101,2005,"[комедия]","[Франция]"
"Суббота, воскресенье и пятница",108,1979,"[комедия]","[Италия, Испания]"
"Спровоцированная",113,2006,"[драма, криминал]","[Великобритания, Индия]"
"Лаки. Не время для любви",180,2005,"[мюзикл, драма, мелодрама]","[Индия]"
"Навстречу любви",163,1993,"[драма, мелодрама, комедия, семейный]","[Индия]"
"Любовь в воздухе",103,2005,"[мелодрама, комедия]","[Франция]"
"Поселок",86,1997,"[драма]","[Турция]"
"Голубой пирог",92,2006,"[мелодрама, комедия]","[США]"
"Маменькин сынок",94,2007,"[драма, комедия]","[США]"
"Пятое измерение",111,2009,"[фантастика, боевик, триллер]","[США, Канада]"
"Рождение",100,2004,"[триллер, драма, мелодрама, детектив]","[США, Великобритания, Франция, Германия]"
"Время смелых",112,2005,"[боевик, драма, комедия, криминал, детектив]","[Аргентина]"
"Официальная версия",112,1985,"[драма, военный, история]","[Аргентина]"
"Четыре дороги",102,2004,"[мюзикл, драма, мелодрама, комедия, приключения, семейный]","[Аргентина]"
"Ремонт",95,2005,"[комедия]","[Франция, Великобритания]"
"Я страшненькая",85,2004,"[мелодрама, комедия]","[Франция]"
"Четыре оттенка коричневого",192,2004,"[драма, комедия]","[Швеция]"
"Одуванчик",93,2004,"[драма, мелодрама]","[США]"
"Тупицы",86,2006,"[комедия]","[США]"
"Отель",83,2004,"[ужасы, драма, детектив]","[Австрия, Германия]"
"Прослушка",101,2006,"[триллер, драма, криминал]","[Италия]"
"Боль чужих сердец",120,2005,"[драма]","[Италия]"
"Скрытый клинок",132,2004,"[драма, мелодрама]","[Япония]"
"Врата 2: Нарушители",90,1990,"[ужасы, фэнтези, комедия]","[США, Канада]"
"Карта мира",125,1999,"[драма]","[США, Германия]"
"Искушение волков",113,2004,"[боевик, драма, мелодрама]","[Корея Южная]"
"Рожденный сражаться",96,2004,"[боевик, триллер, драма, криминал]","[Таиланд]"
"Пошли в тюрьму",86,2006,"[комедия, криминал]","[США]"
"Приходи пораньше",97,2006,"[драма, мелодрама]","[США]"
"В тихом омуте",92,2005,"[ужасы, триллер, детектив]","[Испания, Великобритания]"
"Невыразимый ужас",84,1988,"[ужасы]","[США]"
"Салам Намасте",158,2005,"[драма, мелодрама, комедия]","[Индия]"
"Запределье",117,2006,"[фэнтези, драма, приключения]","[США, Индия]"
"Спецназ против самураев. Миссия 1549",90,2005,"[фантастика, боевик]","[Япония]"
"Животное",103,2005,"[фантастика, триллер]","[Франция, Португалия, Великобритания]"
"Последняя зима",101,2006,"[ужасы, триллер]","[США, Исландия]"
"Возврат",102,2005,"[драма, мелодрама, комедия]","[Великобритания]"
"Пятнадцатилетняя",90,2006,"[драма]","[США]"
"Амистад",155,1997,"[драма, история]","[США]"
"Если рожден, уже не спрячешься",120,2005,"[драма, приключения]","[Италия, Франция, Великобритания]"
"Морис Ришар",124,2005,"[драма, биография, спорт]","[Канада]"
"Скотт Пилигрим против всех",112,2010,"[фэнтези, боевик, мелодрама, комедия]","[США, Великобритания, Канада, Япония]"
"Как есть жареных червяков",98,2006,"[комедия, семейный]","[США]"
"Долина цветов",155,2006,"[драма, мелодрама, приключения]","[Индия, Франция, Япония, Германия]"
"Последний контракт",93,2006,"[боевик]","[Германия]"
"Один день в Европе",95,2005,"[комедия]","[Германия, Испания]"
"Не хочу забывать",117,2004,"[драма, мелодрама]","[Корея Южная]"
"Парк Юрского периода 2: Затерянный мир",123,1997,"[фантастика, боевик, приключения]","[США]"
"Лунная серенада (видео)",91,2009,"[мюзикл, драма, мелодрама]","[США]"
"У твоего порога",96,2006,"[триллер, драма]","[США]"
"Истории ужаса из Токио",92,2004,"[ужасы]","[Япония]"
"Слияние с зомби",75,2006,"[ужасы]","[США]"
"Лучший удар",96,2007,"[мелодрама, комедия, семейный, спорт]","[США]"
"Тройной форсаж: Токийский дрифт",104,2006,"[боевик, триллер, драма, криминал]","[США]"
"Миллион",81,1931,"[мюзикл, комедия]","[Франция]"
"Заражение седьмой степени",94,1993,"[ужасы]","[Италия, Канада, США]"
"Винтовая лестница (мини-сериал)",8,2005,"[детектив]","[Россия]"
"Как я полюбил",145,2005,"[драма, мелодрама, комедия]","[Индия]"
"Пьяная лодка",98,2010,"[драма]","[США]"
"Пузырь",73,2005,"[драма, криминал, детектив]","[США]"
"Вне игры",99,2006,"[мелодрама, комедия]","[США, Канада]"
"Иисус Христос – охотник на вампиров",85,2001,"[мюзикл, ужасы, боевик, комедия]","[Канада]"
"Зачарованная",103,2007,"[мультфильм, мюзикл, фэнтези, мелодрама, комедия, семейный]","[США]"
"Свидание вслепую",95,2005,"[мелодрама, комедия]","[США]"
"31-й км",105,2006,"[ужасы, триллер, детектив]","[Мексика, Испания]"
"Зомби по имени Фидо",93,2006,"[ужасы, драма, мелодрама, комедия]","[Канада]"
"Попутчик",84,2007,"[боевик, триллер, криминал]","[США]"
"Когда звонит незнакомец",87,2006,"[ужасы, триллер]","[США]"
"Королевы",107,2005,"[мелодрама, комедия]","[Испания, Нидерланды, Италия]"
"Ямато",145,2005,"[военный]","[Япония]"
"Детективная история",103,1951,"[фильм-нуар, драма, криминал]","[США]"
"Маленькая прибыль отца",82,1951,"[мелодрама, комедия]","[США]"
"Дикость",93,2006,"[ужасы, триллер]","[Великобритания]"
"Корпоративка",96,2006,"[ужасы, триллер, комедия]","[Великобритания, Германия, Венгрия]"
"Две тысячи маньяков",83,1964,"[ужасы]","[США]"
"Кровавый пир",67,1963,"[ужасы]","[США]"
"Вонг Фу, с благодарностью за всё! Джули Ньюмар",109,1995,"[комедия]","[США]"
"Кентервильское привидение",95,1944,"[фэнтези, комедия]","[США]"
"Прирожденные убийцы",119,1994,"[драма, криминал]","[США]"
"Миссия в Москву",123,1943,"[драма, военный, история]","[США]"
"Бикфордов шнур",105,2003,"[драма, комедия]","[Босния-Герцеговина, Австрия, Турция, Франция]"
"Площадка",101,1993,"[драма, комедия, семейный, спорт]","[США]"
"Приключения в Палм-Бич",88,1942,"[мелодрама, комедия]","[США]"
"Мондо",80,1995,"[драма]","[Франция]"
"Через океан",97,1942,"[боевик, драма, мелодрама, приключения, военный]","[США]"
"Живущий мир",70,2003,"[фэнтези, драма]","[Франция, Бельгия]"
"Вкривь и вкось",96,1991,"[драма, криминал]","[США]"
"Яркий свет",105,1987,"[фэнтези, драма]","[Мали, Буркина-Фасо, Франция, Германия (ФРГ), Япония]"
"Изгнанники",104,2004,"[драма, приключения, музыка]","[Франция, Япония]"
"Погранзастава",94,2006,"[боевик, драма, комедия]","[Югославия, Хорватия, Словения, Босния-Герцеговина, Сербия и Черногория, Великобритания, Венгрия, Австрия]"
"Гертруда",116,1964,"[драма]","[Дания]"
"Они ехали ночью",95,1940,"[фильм-нуар, триллер, драма, криминал]","[США]"
"30 дней до рассвета",98,2006,"[ужасы, комедия]","[Швеция, Россия]"
"Дед Азиз",96,2005,"[драма]","[Швейцария, Венгрия, Франция, Германия, Иран, Тунис, Великобритания]"
"Пьяный рассвет",115,1988,"[триллер, драма, мелодрама, криминал]","[США]"
"Кид Гэлэхэд",102,1937,"[драма, мелодрама, криминал, спорт]","[США]"
"Шторм",110,2005,"[фэнтези, триллер, драма]","[Швеция]"
"Эмиль из Лённеберге",95,1971,"[драма, семейный]","[Швеция, Германия (ФРГ)]"
"Меченая женщина",96,1937,"[фильм-нуар, триллер, криминал]","[США]"
"Как потерять друзей и заставить всех тебя ненавидеть",110,2008,"[драма, мелодрама, комедия]","[Великобритания]"
"Поцелуй вампира",88,1963,"[ужасы]","[Великобритания]"
"Чума Зомби",90,1966,"[ужасы]","[Великобритания]"
"Вилла (видео)",125,2002,"[для взрослых]","[США]"
"Ария",119,2001,"[для взрослых]","[США]"
"Приключения Марка Твена",86,1985,"[мультфильм, приключения, семейный]","[США]"
"Горячая жевательная резинка 4: Трое в армии",100,1983,"[мелодрама, комедия]","[Израиль, Германия (ФРГ)]"
"Ставки на завтра",96,1959,"[триллер, драма, криминал]","[США]"
"Витал",86,2004,"[триллер, драма]","[Япония]"
"Другая дверь",75,2005,"[ужасы, триллер, детектив]","[Норвегия, Дания, Швеция]"
"Негр-погорелец",87,2003,"[триллер, драма, мелодрама, комедия, криминал, детектив]","[Норвегия]"
"Человеческое желание",91,1954,"[фильм-нуар, драма, мелодрама]","[США]"
"Злые и красивые",118,1952,"[драма, мелодрама]","[США]"
"Макао",81,1952,"[фильм-нуар, драма, криминал, приключения]","[США]"
"Мальчик-оборотень и волшебный автобус",96,2005,"[ужасы, фэнтези, приключения]","[Нидерланды]"
"Приключения няни",102,1987,"[боевик, триллер, мелодрама, комедия, криминал, приключения]","[США]"
"Битва за Россию",83,1943,"[документальный, военный, история]","[США]"
"Прелюдия к войне",52,1942,"[документальный, военный, история]","[США]"
"Леди на один день",96,1933,"[комедия]","[США]"
"Двойняшки",120,2001,"[драма, семейный]","[Индия]"
"Горький чай генерала Йена",88,1933,"[драма, мелодрама, военный]","[США]"
"Пять кукол для августовской луны",81,1970,"[триллер, детектив]","[Италия]"
"Пришелец",95,2001,"[фантастика, триллер, драма]","[США]"
"Сабата",111,1969,"[вестерн]","[Италия]"
"Сдавайся и расплатись",107,1966,"[вестерн]","[Италия, Испания]"
"Вперед, Франция!",87,1964,"[комедия]","[Франция]"
"Добро пожаловать, мистер Маршалл",78,1953,"[комедия]","[Испания]"
"Счастливые случаи",110,2000,"[мелодрама, комедия]","[США]"
"Встреча в аэропорту",130,2005,"[мелодрама, комедия]","[Индия]"
"Дочь солдата никогда не плачет",127,1998,"[драма]","[Франция, Великобритания, США]"
"Новичок",121,1990,"[боевик, триллер, драма, комедия, криминал]","[США]"
"Тряпки",92,2004,"[драма, комедия]","[Франция]"
"Перевал разбитых сердец",130,1986,"[боевик, драма, военный]","[США]"
"Имя ему Смерть",115,1985,"[вестерн]","[США]"
"Внезапный удар",117,1983,"[боевик, триллер]","[США]"
"Поющий по кабакам",122,1982,"[драма, комедия, вестерн, музыка]","[США]"
"Как только сможешь",116,1980,"[боевик, комедия]","[США]"
"Бронко Билли",116,1980,"[боевик, драма, мелодрама, комедия, приключения, вестерн]","[США]"
"Побег из Алькатраса",112,1979,"[триллер, драма, криминал, биография]","[США]"
"Сквозь строй",109,1977,"[боевик, триллер]","[США]"
"Подкрепление",96,1976,"[боевик, триллер, криминал]","[США]"
"Санкция на пике Эйгера",123,1975,"[боевик, триллер]","[США]"
"Громила и скороход",115,1974,"[драма, комедия, криминал]","[США]"
"Секс и больше ничего",97,2005,"[комедия]","[Венгрия]"
"Высшая сила",124,1973,"[боевик, триллер, детектив]","[США]"
"Грязный Гарри",102,1971,"[боевик, триллер, криминал]","[США]"
"Сыграй мне перед смертью",102,1971,"[триллер]","[США]"
"Обманутый",105,1971,"[триллер, драма, мелодрама, военный]","[США]"
"Тринадцатый этаж",100,1999,"[фантастика, триллер, детектив]","[Германия, США]"
"Золото Калифорнии",158,1969,"[мюзикл, драма, мелодрама, комедия, вестерн]","[США]"
"Там, где гнездятся орлы",158,1968,"[боевик, приключения, военный]","[Великобритания, США]"
"Вздерни их повыше",114,1968,"[вестерн]","[США]"
"Ведьмы",105,1967,"[драма, мелодрама, комедия]","[Италия, Франция]"
"Тарантул",80,1955,"[ужасы, фантастика]","[США]"
"Месть твари",82,1955,"[ужасы, фантастика]","[США]"
"Веселушка",106,1973,"[драма, мелодрама]","[США]"
"Эльза и Фред",108,2005,"[драма, мелодрама, комедия]","[Аргентина, Испания]"
"Чокнутая",111,1987,"[триллер, драма]","[США]"
"Новый свет",118,2006,"[драма, мелодрама, история]","[Италия, Франция]"
"Бездна",123,1977,"[триллер, детектив, приключения]","[США]"
"Мужчина, глядящий на юго-восток",105,1986,"[драма]","[Аргентина]"
"Ланселот Озерный",85,1974,"[драма, мелодрама, военный]","[Франция, Италия]"
"Братья Ньютон",113,1998,"[боевик, драма, криминал, вестерн, история]","[США]"
"Супермозг",108,1969,"[комедия, криминал]","[Франция, Италия]"
"Козырной туз",132,1968,"[комедия, вестерн]","[Италия]"
"Неприкаянные",124,1961,"[драма, мелодрама, вестерн]","[США]"
"Куколка",114,1956,"[драма]","[США]"
"Призрак в законе",103,2006,"[мультфильм, ужасы, фэнтези, комедия, приключения]","[Германия]"
"Шепот ангелов",106,2000,"[драма]","[США]"
"Вступая в контакт",94,1985,"[ужасы, фантастика, фэнтези, боевик]","[Германия (ФРГ), США]"
"Незабываемое",112,1996,"[фантастика, триллер, драма, детектив]","[США]"
"Операция «Слон»",107,1995,"[боевик, драма, комедия, приключения, семейный, военный]","[США]"
"Люди в черном",98,1997,"[фантастика, комедия]","[США]"
"8 голов в одной сумке",95,1997,"[комедия, криминал]","[США, Великобритания]"
"С почестями",103,1994,"[драма, комедия]","[США]"
"Джимми-Голливуд",112,1994,"[драма, комедия, криминал]","[США]"
"Лунная походка",93,1988,"[фэнтези, боевик, триллер, криминал, музыка]","[США]"
"Эврика",130,1983,"[триллер, драма]","[Великобритания, США]"
"Легкие деньги",91,1983,"[комедия]","[США]"
"Третий лишний",100,2001,"[триллер, драма]","[США]"
"Кровавый след",105,1992,"[триллер, драма, криминал, детектив]","[США]"
"Знахарь",106,1992,"[драма, мелодрама, приключения]","[США]"
"Подмена",103,1991,"[фэнтези, комедия]","[США]"
"Мамбо Итальяно",85,2003,"[драма, комедия]","[Канада]"
"Арнольд!",76,2002,"[мультфильм, комедия, приключения, семейный]","[США]"
"Мой сын для меня",79,2006,"[драма]","[Бельгия, Франция]"
"Бетон",90,2004,"[триллер, драма, криминал]","[Япония]"
"Воля случая",93,2001,"[боевик, триллер, драма, мелодрама, комедия, криминал]","[США]"
"Незваный гость",90,2004,"[ужасы, триллер, драма, детектив]","[Испания]"
69,114,2004,"[драма]","[Япония]"
"Дежа вю",102,1987,"[ужасы, триллер, драма]","[Югославия, Великобритания]"
"Чувствуя Миннесоту",99,1996,"[драма, мелодрама, комедия, криминал]","[США]"
"Вкусная дрянь",86,1985,"[ужасы, фантастика, комедия]","[США]"
"Суд – это я",111,1981,"[триллер, драма, криминал, детектив]","[США]"
"Сосед №13",115,2005,"[ужасы, триллер]","[Япония]"
"Любовное письмо",117,1995,"[драма, мелодрама]","[Япония]"
"День дельфина",104,1973,"[фантастика, триллер, драма]","[США]"
"С шиком",109,1973,"[мелодрама, комедия]","[Великобритания]"
"Наследство",96,1998,"[триллер, драма]","[США]"
"Он был крутой",114,2004,"[мелодрама, комедия]","[Корея Южная]"
"Весь огромный мир",111,1996,"[драма, мелодрама, биография]","[США]"
"Бетховен 2",89,1993,"[мелодрама, комедия, семейный]","[США]"
"Все оттенки тьмы",94,1972,"[ужасы, детектив]","[Италия, Испания]"
"Хвост скорпиона",90,1971,"[триллер, детектив]","[Италия, Испания]"
"Генри Фул",137,1997,"[драма, комедия]","[США]"
"Наедине со смертью",106,2003,"[триллер]","[Испания, Мексика]"
"Правосудие одиночки",100,1991,"[боевик, триллер, драма, криминал]","[США]"
"Игрок",110,2003,"[драма, биография]","[США]"
"Странные дни",145,1995,"[фантастика, боевик, триллер, драма, криминал]","[США]"
"Убийца в офисе",82,1997,"[ужасы, триллер, комедия]","[США]"
"Я стреляла в Энди Уорхола",103,1995,"[драма, биография]","[Великобритания, США]"
"Два билета в рай",95,2006,"[комедия]","[США]"
"От судьбы не уйдешь",90,2000,"[мелодрама, комедия]","[США]"
"Свинг-герлз",105,2004,"[драма, комедия, музыка]","[Япония]"
"Кукла",91,2001,"[драма, мелодрама, комедия]","[США]"
"Отзвуки эха",102,1999,"[ужасы, детектив]","[США]"
"В погоне за Эми",113,1996,"[драма, мелодрама, комедия]","[США]"
"Быть человеком",122,1994,"[драма, комедия]","[Великобритания, Япония]"
"Романтическое преступление",97,2002,"[мелодрама, комедия, криминал]","[США]"
"Дикая банда",96,2002,"[боевик, драма, криминал]","[США, Германия]"
"Подружка невесты",111,2004,"[триллер, драма, мелодрама]","[Франция, Германия, Италия]"
"Хлопья",84,2007,"[комедия]","[США]"
"Мистер Прекрасный",98,1993,"[мелодрама, комедия]","[США]"
"Счастливый случай",101,1994,"[драма, мелодрама, комедия]","[США]"
"Малкольм Икс",202,1992,"[драма, мелодрама, биография]","[США, Япония]"
"Бурый кролик",93,2003,"[драма]","[США, Япония, Франция]"
"Мой брат",112,2004,"[драма]","[Корея Южная]"
"Марсианская одиссея",95,2001,"[фантастика, драма]","[Испания]"
"Что ни день, то неприятности",97,2001,"[ужасы, триллер, драма]","[Франция, Германия, Япония]"
"Соль на нашей коже",110,1992,"[драма, мелодрама]","[Германия, Канада, Франция]"
"Все та же любовь, все тот же дождь",100,1999,"[драма, мелодрама, комедия]","[Аргентина, США]"
"Аризонская мечта",142,1991,"[фэнтези, драма, мелодрама, комедия]","[США, Франция]"
"Джон Ф. Кеннеди: Выстрелы в Далласе",181,1991,"[триллер, драма, история]","[Франция, США]"
"Звонок Ангелу",109,2008,"[мелодрама, комедия]","[Мексика]"
"Крыша поехала",94,1991,"[комедия]","[ЮАР]"
"Изоляция",95,2005,"[ужасы, фантастика, триллер]","[Великобритания, Ирландия, США]"
"Коктейль",99,1988,"[драма, мелодрама, комедия]","[США]"
"Мое путешествие по Италии",246,2001,"[документальный]","[Италия, США]"
"Кундун",134,1997,"[драма, военный, биография, история]","[США]"
"Вой 3",94,1987,"[ужасы, комедия]","[Австралия]"
"Эпоха невинности",139,1993,"[драма, мелодрама]","[США]"
"Берта по прозвищу «Товарный вагон»",88,1972,"[драма, мелодрама, криминал]","[США]"
"Полночный джаз",133,1986,"[драма, музыка]","[США, Франция]"
"Анна Павлова",146,1983,"[драма, биография, музыка]","[СССР, Великобритания, Германия (ГДР), Куба, Франция]"
"Умереть молодым",111,1991,"[драма, мелодрама]","[США]"
"Белая масаи",131,2005,"[драма, мелодрама]","[Германия]"
"Кольца Нибелунгов",89,2005,"[комедия]","[Германия]"
"Магия",104,1995,"[фэнтези, драма, мелодрама, комедия]","[Великобритания, США, Франция]"
"Холодный душ",102,2005,"[драма]","[Франция]"
"Вудсток",215,1970,"[документальный, история, музыка]","[США]"
"Вечная мерзлота",130,2005,"[драма]","[Финляндия]"
"Театр",104,2004,"[драма, мелодрама, комедия]","[Канада, США, Венгрия, Великобритания]"
"Любовный роман",108,1994,"[драма, мелодрама, комедия]","[США]"
"Вальмон",140,1989,"[драма, мелодрама]","[Франция, США]"
"На лоне природы",91,1988,"[комедия]","[США]"
"Тишина становится тобой (видео)",88,2005,"[фэнтези, триллер, драма, мелодрама]","[Великобритания, Литва]"
"Подземелье драконов",107,2000,"[фэнтези, боевик, комедия, приключения]","[США, Чехия]"
"Обнаженное танго",90,1990,"[драма, мелодрама]","[Швейцария, Аргентина, Япония, США]"
"47 ронинов",132,1994,"[боевик, драма]","[Япония]"
"Аляска",109,1996,"[приключения, семейный]","[США]"
"Фокус-покус",96,1993,"[фэнтези, комедия, семейный]","[США]"
"Бессмертные души",84,2001,"[ужасы, триллер, драма, детектив]","[США]"
"Парень с Белой реки",99,1999,"[комедия]","[США]"
"Травма",90,2004,"[ужасы, триллер, драма, детектив]","[Великобритания]"
"Неудачник",98,2000,"[мелодрама, комедия]","[США]"
"Последний танец",103,1996,"[триллер, драма]","[США]"
"Мамины дети",96,1993,"[триллер, драма]","[США]"
"Готова на всё",107,1993,"[триллер, криминал, детектив]","[Канада, США]"
"Приветствие джаггера",90,1989,"[фантастика, боевик, спорт]","[Австралия, США]"
"10 причин моей ненависти",97,1999,"[драма, мелодрама, комедия]","[США]"
"Мистическая пицца",104,1988,"[драма, мелодрама, комедия]","[США]"
"Высшая лига 3",100,1998,"[комедия, спорт]","[США]"
"Голосок",97,1998,"[драма, мелодрама, комедия, музыка]","[Великобритания]"
"Зеркало треснуло",105,1980,"[триллер, криминал, детектив]","[Великобритания]"
"Прекрасный жиголо – несчастный жиголо",105,1978,"[драма]","[Германия (ФРГ)]"
"Белый бизон",97,1977,"[вестерн]","[США]"
"Поцелуй меня, глупенький",125,1964,"[мелодрама, комедия]","[США]"
"Темный рыцарь",152,2008,"[фантастика, боевик, триллер, криминал, драма]","[США, Великобритания]"
"Бремя страстей человеческих",100,1964,"[драма]","[Великобритания]"
"Тридцать три несчастья",120,1962,"[комедия, криминал, детектив]","[США]"
"Первые сексуальные опыты",88,1983,"[комедия]","[США]"
"Приятель Джои",111,1957,"[мюзикл, драма, мелодрама]","[США]"
"Человек с золотой рукой",119,1955,"[драма, мелодрама]","[США]"
"Пикник",113,1955,"[драма, мелодрама]","[США]"
"Грбавица",95,2006,"[драма]","[Босния-Герцеговина, Хорватия, Австрия, Германия]"
"Когда кончилось время",109,1980,"[боевик, триллер, драма, приключения]","[Канада, США]"
"Париж, когда там жара",110,1964,"[мелодрама, комедия]","[США]"
"Любовь — самая великолепная вещь на свете",102,1955,"[драма, мелодрама, военный, биография]","[США]"
"Самурай: Путь воина",93,1954,"[боевик, драма, приключения, биография]","[Япония]"
"Два всадника",109,1961,"[вестерн]","[США]"
"Сабрина",113,1954,"[драма, мелодрама, комедия]","[США]"
"Странный чужак",102,1997,"[драма, мелодрама, комедия, музыка]","[Румыния, Франция]"
"Рожденная вчера",103,1950,"[драма, мелодрама, комедия]","[США]"
"Ночь за ночью",112,2000,"[драма]","[Франция]"
"С террасы",149,1960,"[драма, мелодрама]","[США]"
"По ту сторону звука",83,2006,"[фантастика, драма, криминал, детектив]","[Франция]"
"Припять",100,1999,"[документальный]","[Австрия]"
"Tupac Shakur: Прежде, чем я проснусь",100,2001,"[документальный, музыка]","[США]"
"Счет",90,1973,"[для взрослых, драма, комедия]","[США, Югославия]"
"Возвращение Казановы",98,1992,"[драма, мелодрама, комедия]","[Франция]"
"Без крыши, вне закона",105,1985,"[драма]","[Франция]"
"Королева Келли",75,1929,"[драма]","[США]"
"И стал свет",107,1989,"[драма, комедия]","[Франция, Германия (ФРГ), Италия]"
"Мужское и женское",116,1919,"[драма, приключения]","[США]"
"Какой-то странный тип",90,1963,"[комедия]","[Италия]"
"Человечность",148,1999,"[драма, детектив]","[Франция]"
"Пока город спит",100,1956,"[фильм-нуар, триллер, драма, криминал]","[США]"
"Урок любви",96,1954,"[драма, комедия]","[Швеция]"
"Аэропорт 1975",107,1974,"[боевик, триллер, драма]","[США]"
"Город тьмы",98,1950,"[фильм-нуар, драма, мелодрама, криминал, детектив]","[США]"
"Звезда родилась",177,1954,"[мюзикл, драма, мелодрама]","[США]"
"Деревня проклятых",77,1960,"[ужасы, фантастика]","[Великобритания, США]"
"Старым добрым летом",102,1949,"[мюзикл, мелодрама, комедия]","[США]"
"Земляк",125,1946,"[драма, военный]","[Италия]"
"Семь нот в темноте",97,1977,"[триллер, детектив]","[Италия]"
"Бравые парни",75,1993,"[комедия]","[Украина]"
"Инопланетное похищение",96,2005,"[ужасы, фантастика, триллер]","[США]"
"Соблазнение (ТВ)",120,2003,"[триллер, драма]","[Канада, США]"
"Дороги, которые мы выбираем (мини-сериал)",300,2001,"[драма, мелодрама]","[Великобритания]"
"Плащаница",135,1953,"[драма, история]","[США]"
"Горячая жевательная резинка 5: Маленький роман",85,1984,"[драма, мелодрама, комедия]","[Израиль, Германия (ФРГ)]"
"Горячая жевательная резинка: Мороженое на палочке",95,1978,"[драма, мелодрама, комедия]","[Израиль]"
"Титаник",98,1953,"[драма, мелодрама, история]","[США]"
"Затойчи",116,1989,"[боевик, драма]","[Япония]"
"Предел",114,1931,"[драма, мелодрама]","[Бразилия]"
"Разведка 2020",92,2004,"[фантастика, боевик]","[Канада]"
"Перст любви",104,2005,"[драма]","[Франция, Германия, Великобритания]"
"Брак назло",76,1929,"[комедия]","[США]"
"Кинооператор",69,1928,"[драма, мелодрама, комедия, семейный]","[США]"
"Колледж",66,1927,"[драма, комедия, спорт]","[США]"
"Вояка Батлер",77,1926,"[комедия]","[США]"
"На Запад",76,1925,"[комедия, вестерн]","[США]"
"Осенний альманах",119,1984,"[драма]","[Венгрия]"
"Семь шансов",56,1925,"[мелодрама, комедия, семейный]","[США]"
"Навигатор",59,1924,"[комедия, приключения, мелодрама]","[США]"
"Шерлок младший",49,1924,"[фэнтези, комедия, детектив]","[США]"
"Три эпохи",63,1923,"[комедия]","[США]"
"Стрелок",85,1950,"[драма, вестерн]","[США]"
"Балда",77,1920,"[комедия]","[США]"
"Антенна",90,2007,"[фантастика, фэнтези, драма]","[Аргентина]"
"Первая полоса",105,1974,"[комедия]","[США]"
"Аванти!",138,1972,"[мелодрама, комедия]","[США, Италия]"
"Азарт удачи",125,1966,"[мелодрама, комедия]","[США]"
"Один, два, три",115,1961,"[комедия]","[США]"
"Зуд седьмого года",105,1955,"[мелодрама, комедия]","[США]"
"Письмо трем женам",103,1949,"[драма, мелодрама]","[США]"
"Зарубежный роман",116,1948,"[драма, мелодрама, комедия]","[США]"
"Пять гробниц по пути в Каир",96,1943,"[триллер, военный]","[США]"
"Майор и малютка",100,1942,"[мелодрама, комедия]","[США]"
"Полночь. Сердцу не прикажешь",94,1939,"[мелодрама, комедия]","[США]"
"3 крестных отца",106,1948,"[драма, вестерн]","[США]"
"Главная улица",99,1956,"[драма]","[Испания, Франция]"
"Апокалипсис каннибалов",96,1980,"[ужасы, триллер]","[Италия, Испания]"
"Человек с глубокой реки",93,1972,"[ужасы, приключения]","[Италия]"
"Змеиная яма",108,1948,"[драма]","[США]"
"Кто может убить ребенка?",111,1976,"[ужасы, детектив]","[Испания]"
"Форт Апачи",125,1948,"[вестерн]","[США]"
"Первые 9 1/2 недель",100,1998,"[триллер, драма]","[США]"
"Буги Бой",104,1998,"[триллер, криминал]","[США]"
"Под огнем",86,1997,"[боевик, драма, криминал]","[США]"
"Лэсси",94,1994,"[приключения, семейный]","[США]"
"Конвоиры",101,1994,"[комедия, приключения]","[США]"
"Суперфлай",93,1972,"[боевик, драма, криминал]","[США]"
"Девушка из долины",99,1983,"[мелодрама, комедия]","[США]"
"Моя дорогая Клементина",97,1946,"[драма, вестерн]","[США]"
"Блуберри",124,2004,"[фэнтези, приключения, вестерн]","[Франция, Мексика, Великобритания]"
"Ворон: Жестокое причастие",99,2005,"[фэнтези, боевик, триллер, комедия, приключения]","[США]"
"Хранитель",95,2004,"[триллер, драма, криминал]","[Канада, Великобритания]"
"Виртуоз (ТВ)",91,2002,"[боевик, триллер, драма, криминал]","[Великобритания, Германия, Испания]"
"Часовой механизм",92,2001,"[боевик, триллер, криминал]","[США]"
"Бог ей судья",110,1945,"[фильм-нуар, триллер, драма]","[США]"
"Вор всегда вор",101,2000,"[триллер, драма, криминал]","[США]"
"Амнезия",98,1997,"[драма]","[США, Франция]"
"Придорожное заведение",95,1992,"[триллер, драма, криминал]","[США]"
"Полночная жара",90,1992,"[триллер]","[США]"
"Прямо в ад",86,1986,"[боевик, комедия, вестерн]","[Великобритания]"
"Черная вдова",98,1987,"[триллер, криминал]","[США]"
"Команда из штата Индиана",114,1986,"[драма, спорт]","[Великобритания, США]"
"Техасская резня бензопилой 2",100,1986,"[ужасы, комедия]","[США]"
"Дерево растет в Бруклине",129,1945,"[драма]","[США]"
"Уик-энд Остермана",103,1983,"[боевик, триллер, драма]","[США]"
"12 стульев",94,1962,"[комедия]","[Куба]"
"Как гром среди ясного неба",94,1980,"[драма]","[Канада]"
"Американский друг",125,1977,"[триллер, драма, криминал, детектив]","[Германия (ФРГ), Франция]"
"Джейн Эйр",97,1943,"[драма, мелодрама]","[США]"
"Гигант",201,1956,"[драма, мелодрама]","[США]"
"Уиллард",100,2003,"[ужасы, фантастика, триллер, драма]","[Канада, США]"
"Лавина",96,1999,"[боевик, триллер]","[США]"
"Посланник",98,1997,"[фантастика, боевик]","[США]"
"Префонтейн",106,1997,"[драма, мелодрама, биография, спорт]","[США]"
"Лучшие из лучших 3",90,1995,"[боевик, триллер, драма, криминал]","[США]"
"Покидая Лас-Вегас",112,1995,"[драма, мелодрама]","[США]"
"Песня Бернадетт",156,1943,"[драма, биография]","[США]"
"Глубокое погружение",82,1990,"[ужасы, фантастика, боевик, триллер, приключения]","[Испания, США]"
"Флетч жив",91,1989,"[комедия, криминал, детектив]","[США]"
"Хлеб и розы",110,2000,"[драма]","[Великобритания, Франция, Германия, Испания, Италия, Швейцария]"
"Кислород",92,1999,"[триллер, драма, криминал]","[США]"
"Свадьба гробовщика",89,1997,"[комедия, криминал]","[США, Канада]"
"Ангелы у кромки поля",102,1994,"[фэнтези, комедия, семейный, спорт]","[США]"
"Бессмертные: Война миров",103,2004,"[фантастика, фэнтези, мелодрама]","[Франция, Италия, Великобритания]"
"Синдром Стендаля",120,1996,"[ужасы, триллер, детектив]","[Италия]"
"Королева Марго",159,1994,"[драма, мелодрама, биография, история]","[Франция, Италия, Германия]"
"Сталинград",134,1992,"[драма, военный]","[Германия]"
"Месть",100,2002,"[комедия]","[Польша]"
"Коварство славы",92,1994,"[комедия]","[Франция]"
"Простая формальность",107,1993,"[триллер, драма, криминал, детектив]","[Италия, Франция]"
"Жилец",126,1976,"[триллер, драма, детектив]","[Франция]"
"Сказки Манхэттена",118,1942,"[драма, мелодрама, комедия]","[США]"
"Кровь для Дракулы",106,1974,"[ужасы]","[Италия, Франция]"
"Что?",112,1972,"[комедия]","[Италия, Франция, Германия (ФРГ)]"
"Бал вампиров",108,1967,"[ужасы, фэнтези, комедия]","[США, Великобритания]"
"Косоглазое счастье",115,1959,"[комедия, военный]","[Польша]"
"Однорукий меченосец",111,1967,"[боевик, драма]","[Гонконг]"
"Поколение",91,1954,"[драма, военный]","[Польша]"
"Девятые врата",133,1999,"[триллер, детектив]","[Испания, Франция, США]"
"Пираты",121,1986,"[комедия, приключения, семейный]","[Франция, Тунис]"
"Тэсс",186,1979,"[драма, мелодрама]","[Франция, Великобритания]"
"Макбет",140,1971,"[драма, военный]","[Великобритания, США]"
"Нож в воде",94,1962,"[триллер, драма]","[Польша]"
"Принц и танцовщица",115,1957,"[мелодрама, комедия]","[Великобритания, США]"
"Автобусная остановка",96,1956,"[драма, мелодрама, комедия]","[США]"
"Нет такого бизнеса, как шоу-бизнес",117,1954,"[мюзикл, драма, мелодрама, комедия]","[США]"
"Река не течет вспять",91,1954,"[приключения, вестерн]","[США]"
"Как выйти замуж за миллионера",95,1953,"[драма, мелодрама, комедия]","[США]"
"Будь начеку!",90,1999,"[драма]","[Германия]"
"Джентльмены предпочитают блондинок",91,1953,"[мюзикл, мелодрама, комедия]","[США]"
"Ниагара",92,1952,"[фильм-нуар, триллер]","[США]"
"Вождь краснокожих и другие",117,1952,"[драма]","[США]"
"Можешь не стучать",76,1952,"[фильм-нуар, триллер, драма]","[США]"
"Мы не женаты",86,1952,"[мелодрама, комедия]","[США]"
"Стычка в ночи",105,1952,"[фильм-нуар, драма]","[США]"
"Детвора: Уголок света",100,2001,"[мюзикл, фэнтези, драма, мелодрама, комедия, приключения, вестерн]","[Аргентина]"
"Давай сделаем это легально",77,1951,"[драма, мелодрама, комедия]","[США]"
"Аура",134,2005,"[триллер, драма, криминал]","[Аргентина, Испания, Франция]"
"Любовное гнездышко",84,1951,"[драма, мелодрама, комедия]","[США]"
"Моложе себя и не почувствуешь",77,1951,"[комедия]","[США]"
"Леди из кордебалета",61,1948,"[мюзикл]","[США]"
"Как зелена была моя долина",118,1941,"[драма, семейный]","[США]"
"Ничтожество",110,1985,"[драма, комедия]","[Великобритания]"
"Маленькая мисс Маркер",103,1980,"[драма, мелодрама, комедия]","[США]"
"Боинг-Боинг",103,1965,"[комедия]","[США]"
